{
  "n_bars": 101,
  "start_equity": 10000.0,
  "end_equity": 10031.4944637613,
  "total_return": 0.003149446376130072,
  "max_drawdown": 0.0047640035251477145,
  "sharpe": 50.9559728617174,
  "cagr": 17794887.457429837,
  "peak_index": 29,
  "trough_index": 54,
  "trades": {
    "n_trades": 1.0,
    "winrate": 1.0,
    "profit_factor": Infinity,
    "avg_trade": 31.49446376130072
  }
}