ts,equity
1762471972,10000.000000
1762471973,10000.000000
