{
  "rows": 100,
  "columns": [
    "t",
    "open",
    "high",
    "low",
    "close",
    "volume"
  ],
  "has_t": true,
  "has_ohlcv": true,
  "has_volume": true,
  "t_min": 1762424039999,
  "t_max": 1762429979999,
  "first_rows_preview": [
    {
      "t": 1762424039999,
      "open": 102933.61,
      "high": 102937.42,
      "low": 102903.8,
      "close": 102903.8,
      "volume": 4.30414
    },
    {
      "t": 1762424099999,
      "open": 102903.81,
      "high": 102919.99,
      "low": 102854.37,
      "close": 102867.22,
      "volume": 8.71092
    },
    {
      "t": 1762424159999,
      "open": 102867.22,
      "high": 102893.29,
      "low": 102849.93,
      "close": 102874.48,
      "volume": 17.69461
    }
  ]
}